{
  "Tree_vs_LogReg": {
    "mean_diff": -0.02813852813852814,
    "sd": 0.09526542089075005,
    "t": -0.9340413141566953,
    "p": 0.37466323614274977,
    "ci_low": -0.09628730487461207,
    "ci_high": 0.04001024859755578
  },
  "Tree_vs_Baseline": {
    "mean_diff": -0.3692640692640693,
    "sd": 0.13101626687899182,
    "t": -8.912752170042758,
    "p": 9.245653149407815e-06,
    "ci_low": -0.4629874605727675,
    "ci_high": -0.27554067795537107
  },
  "LogReg_vs_Baseline": {
    "mean_diff": -0.3411255411255411,
    "sd": 0.08088663466969553,
    "t": -13.3363649312301,
    "p": 3.117463158724634e-07,
    "ci_low": -0.3989883538386637,
    "ci_high": -0.2832627284124185
  }
}