{
  "ANN_vs_RLR": {
    "mean_diff": 0.024220412115400883,
    "sd": 0.016855160617857443,
    "t": 4.544107878239832,
    "p": 0.0013976713386000283,
    "ci_low": 0.012162956565873866,
    "ci_high": 0.0362778676649279
  },
  "ANN_vs_Baseline": {
    "mean_diff": 0.02421215410309625,
    "sd": 0.016851428004998132,
    "t": 4.543564735407949,
    "p": 0.0013987581746680439,
    "ci_low": 0.01215736870395552,
    "ci_high": 0.03626693950223698
  },
  "RLR_vs_Baseline": {
    "mean_diff": -8.258012304630304e-06,
    "sd": 6.1453260207262674e-06,
    "t": -4.249429198752547,
    "p": 0.00214427424913054,
    "ci_low": -1.2654113713106684e-05,
    "ci_high": -3.8619108961539245e-06
  }
}