{
  "ANN_vs_RLR": {
    "mean_diff": 0.024220412115400873,
    "sd": 0.016855160617857447,
    "t": 4.54410787823983,
    "p": 0.0013976713386000315,
    "ci_low": 0.012162956565873854,
    "ci_high": 0.036277867664927896
  },
  "ANN_vs_Baseline": {
    "mean_diff": 0.024212154103096246,
    "sd": 0.016851428004998135,
    "t": 4.543564735407947,
    "p": 0.0013987581746680465,
    "ci_low": 0.012157368703955517,
    "ci_high": 0.03626693950223697
  },
  "RLR_vs_Baseline": {
    "mean_diff": -8.258012304630316e-06,
    "sd": 6.145326020726261e-06,
    "t": -4.2494291987525585,
    "p": 0.0021442742491305025,
    "ci_low": -1.2654113713106691e-05,
    "ci_high": -3.861910896153942e-06
  }
}