{
  "lambdas": [
    0.01,
    0.013894954943731374,
    0.019306977288832496,
    0.02682695795279726,
    0.0372759372031494,
    0.0517947467923121,
    0.07196856730011521,
    0.1,
    0.13894954943731375,
    0.19306977288832497,
    0.2682695795279725,
    0.372759372031494,
    0.517947467923121,
    0.7196856730011517,
    1.0,
    1.3894954943731375,
    1.9306977288832496,
    2.6826957952797246,
    3.727593720314938,
    5.179474679231207,
    7.196856730011514,
    10.0,
    13.894954943731374,
    19.306977288832496,
    26.826957952797247,
    37.27593720314938,
    51.794746792312075,
    71.96856730011514,
    100.0,
    138.9495494373136,
    193.06977288832496,
    268.26957952797216,
    372.7593720314938,
    517.9474679231213,
    719.6856730011514,
    1000.0,
    1389.4954943731361,
    1930.6977288832495,
    2682.695795279722,
    3727.593720314938,
    5179.474679231202,
    7196.856730011514,
    10000.0,
    13894.95494373136,
    19306.977288832495,
    26826.95795279722,
    37275.93720314938,
    51794.74679231202,
    71968.56730011514,
    100000.0
  ],
  "MSEs_avg": [
    1.0069370607600581e-06,
    1.0067090961307073e-06,
    1.0064165887871863e-06,
    1.006052221326279e-06,
    1.0056162010612553e-06,
    1.0051219801452425e-06,
    1.004601418826736e-06,
    1.004105610050231e-06,
    1.0036968427452789e-06,
    1.0034302991541802e-06,
    1.0033320139213971e-06,
    1.0033879223650064e-06,
    1.0035590534770716e-06,
    1.0038264457152856e-06,
    1.0042531628018234e-06,
    1.005040261346908e-06,
    1.0065526321248407e-06,
    1.009300323910481e-06,
    1.0138881186035303e-06,
    1.0209943188268752e-06,
    1.0314864426122256e-06,
    1.0467830575375586e-06,
    1.0695099935960533e-06,
    1.104409228572401e-06,
    1.1593720707391152e-06,
    1.2463634463701373e-06,
    1.381845449947868e-06,
    1.5861212220329668e-06,
    1.8809155888769682e-06,
    2.284713390923062e-06,
    2.806242355314887e-06,
    3.438093589638975e-06,
    4.153851478183291e-06,
    4.911477260717302e-06,
    5.6625255738994684e-06,
    6.363258324392887e-06,
    6.982853957920575e-06,
    7.506197224818767e-06,
    7.931896380500295e-06,
    8.267898093079023e-06,
    8.526945590569248e-06,
    8.723107438213771e-06,
    8.869652816018625e-06,
    8.978034102103444e-06,
    9.057596577040913e-06,
    9.115685904188171e-06,
    9.157929315707342e-06,
    9.188560787218673e-06,
    9.210725806664819e-06,
    9.22674022432175e-06
  ],
  "best_lambda": 0.2682695795279725,
  "min_avg_mse": 1.0033320139213971e-06
}