feature,coef
Na,-0.0002574659853452495
Mg,8.28374028985403e-05
Al,-0.0008566003246885247
Si,-0.0012307707523333447
K,-0.0002729740512694679
Ca,0.0018988178794693566
Ba,0.0006016976660991897
Fe,-1.9221388188638976e-05
